<container>
    <services>
        <service id="crawler_process" module="scrapy.crawler" class="CrawlerProcess">
            <argument type="service" id="settings_object"/>
        </service>

        <service id="settings_object" module="scrapy.crawler" class="Settings">
            <factory module="scraping_to_nfs.src.SettingsFactory" class="SettingsFactory" method="get_settings">
                <argument>scraping_to_nfs/resources/%mode%/settings.yaml</argument>
                <argument>%export_directory%/%table_id%_%date_ref%.json</argument>
                <argument>%external_rendering_url%</argument>
            </factory>
        </service>
    </services>
</container>